{
  "ctgan": 0.504471405537535,
  "tvae": 0.4937727505616338,
  "copula": 0.5036208462497206
}