Model,Trained_On,Accuracy,AUC,F1,Precision,Recall
LogReg,Real,0.8911793329204636,0.8713609564678183,0.3329718004338395,0.5881226053639846,0.23222390317700453
LogReg,CTGAN,0.8843669822171105,0.8520489232112874,0.37012048192771085,0.5099601593625498,0.29046898638426627
LogReg,TVAE,0.8778200477749271,0.8666050973400141,0.46741226378711914,0.4767899291896145,0.4583963691376702
LogReg,COPULA,0.883128372998319,0.8522377843166766,0.019302152932442463,0.52,0.009833585476550681
RandomForest,Real,0.9054233389365655,0.9242464237270178,0.5076001842468908,0.6489988221436984,0.4167927382753404
RandomForest,CTGAN,0.8945412722286119,0.8714793735934888,0.4252651880424301,0.586436170212766,0.33358547655068077
RandomForest,TVAE,0.8597717420153942,0.8659162317631942,0.515438703760318,0.4325295023088763,0.6376701966717095
RandomForest,COPULA,0.8828629567371494,0.7764751893954035,0.0,0.0,0.0
