{
  "ctgan": 0.5241394523194194,
  "tvae": 0.5290654449578406,
  "copula": 0.5029884877437544
}