{
  "ctgan": 0.5190705400335273,
  "copula": 0.5026882970872489,
  "tvae": 0.4982759134085698
}