Model,Trained_On,Accuracy,F1,AUC,Precision,Recall
LogReg,Real,0.8275396142979978,0.5639751552795031,0.8574674199076168,0.7206349206349206,0.463265306122449
LogReg,CTGAN,0.8145191008475617,0.5556209535020601,0.8374870818736814,0.6564673157162726,0.4816326530612245
LogReg,Copula,0.7786512713425869,0.1823956442831216,0.8320186285159592,0.8237704918032787,0.10255102040816326
LogReg,TVAE,0.7920402898906769,0.5237693389592124,0.8242034509969657,0.5836990595611286,0.475
RandomForest,Real,0.8586168775334726,0.6840516058193796,0.90962074362183,0.7403446226975638,0.6357142857142857
RandomForest,CTGAN,0.8333128608279081,0.6128388017118402,0.8711696310946316,0.6951456310679611,0.5479591836734694
RandomForest,Copula,0.7621913769807149,0.031031031031031032,0.7145794468895794,0.8157894736842105,0.015816326530612244
RandomForest,TVAE,0.8102198747082668,0.6169104884701215,0.8616999428795948,0.6000964785335263,0.6346938775510204
