{
  "ctgan": 0.5558475048647039,
  "copula": 0.5069164820393322,
  "tvae": 0.5143561587050531
}