{
  "experiment": {
    "name": "time_series_har",
    "seed": 42,
    "window_len": 128,
    "channels": [
      "body_acc_x",
      "body_acc_y",
      "body_acc_z",
      "body_gyro_x",
      "body_gyro_y",
      "body_gyro_z",
      "total_acc_x",
      "total_acc_y",
      "total_acc_z"
    ],
    "class_names": [
      "WALKING",
      "WALKING_UPSTAIRS",
      "WALKING_DOWNSTAIRS",
      "SITTING",
      "STANDING",
      "LAYING"
    ]
  },
  "data": {
    "ground_truth": {
      "n_eval": 2947
    },
    "simulated": {
      "generator": "dfm_mosaic",
      "params": {
        "sg_window": 15,
        "sg_poly": 3,
        "segments_min": 3,
        "segments_max": 6,
        "seglen_min_frac": 0.15,
        "seglen_max_frac": 0.35,
        "reconstruct": "mul",
        "residual_mode": "window",
        "residual_scale": 1.0,
        "ensure_pos_eps": 1e-06,
        "seam_smooth": true
      },
      "n": 2947
    }
  },
  "metrics": {
    "gt_vs_sim_global": {
      "psd_js": {
        "ch0": 0.05263960361480713,
        "ch1": 0.02703848108649254,
        "ch2": 0.010035287588834763,
        "ch3": 0.005096097476780415,
        "ch4": 0.009888524189591408,
        "ch5": 0.012438144534826279,
        "ch6": 0.05410125106573105,
        "ch7": 0.04167743772268295,
        "ch8": 0.028204891830682755
      },
      "acf_delta": {
        "ch0": 0.06204303354024887,
        "ch1": 0.07408814132213593,
        "ch2": 0.10284286737442017,
        "ch3": 0.061341892927885056,
        "ch4": 0.10401125252246857,
        "ch5": 0.09651636332273483,
        "ch6": 0.06246056407690048,
        "ch7": 0.059803497046232224,
        "ch8": 0.10096796602010727
      },
      "corr_delta_fro": 1.2977369065217002,
      "mmd_rbf": 0.03644430637359619
    },
    "gt_vs_sim_by_class": {
      "WALKING": {
        "psd_js": {
          "ch0": 0.0646466463804245,
          "ch1": 0.03928660601377487,
          "ch2": 0.023182380944490433,
          "ch3": 0.013814205303788185,
          "ch4": 0.03224372863769531,
          "ch5": 0.0129539268091321,
          "ch6": 0.06525584310293198,
          "ch7": 0.04792235791683197,
          "ch8": 0.04141097888350487
        },
        "acf_delta": {
          "ch0": 0.18544253706932068,
          "ch1": 0.14523173868656158,
          "ch2": 0.12414254993200302,
          "ch3": 0.07262386381626129,
          "ch4": 0.11954003572463989,
          "ch5": 0.1262553334236145,
          "ch6": 0.18933646380901337,
          "ch7": 0.19213832914829254,
          "ch8": 0.2703191041946411
        },
        "corr_delta_fro": 0.49524544130790854,
        "mmd_rbf": 0.018002748489379883,
        "n": 496
      },
      "WALKING_UPSTAIRS": {
        "psd_js": {
          "ch0": 0.042263470590114594,
          "ch1": 0.019947875291109085,
          "ch2": 0.005776634439826012,
          "ch3": 0.005009356886148453,
          "ch4": 0.005098758265376091,
          "ch5": 0.011754782870411873,
          "ch6": 0.04381465166807175,
          "ch7": 0.022283636033535004,
          "ch8": 0.00957312248647213
        },
        "acf_delta": {
          "ch0": 0.21693913638591766,
          "ch1": 0.13433794677257538,
          "ch2": 0.10947702825069427,
          "ch3": 0.04697319120168686,
          "ch4": 0.09007301926612854,
          "ch5": 0.15519939363002777,
          "ch6": 0.22739219665527344,
          "ch7": 0.1916712522506714,
          "ch8": 0.2426363229751587
        },
        "corr_delta_fro": 0.7189452982793128,
        "mmd_rbf": 0.03289639949798584,
        "n": 471
      },
      "WALKING_DOWNSTAIRS": {
        "psd_js": {
          "ch0": 0.05802126228809357,
          "ch1": 0.027669835835695267,
          "ch2": 0.009531056508421898,
          "ch3": 0.009485614486038685,
          "ch4": 0.021658115088939667,
          "ch5": 0.029528126120567322,
          "ch6": 0.05805906653404236,
          "ch7": 0.03389286994934082,
          "ch8": 0.019899070262908936
        },
        "acf_delta": {
          "ch0": 0.20882201194763184,
          "ch1": 0.11418797820806503,
          "ch2": 0.07926134020090103,
          "ch3": 0.055984627455472946,
          "ch4": 0.07649092376232147,
          "ch5": 0.10830746591091156,
          "ch6": 0.21038980782032013,
          "ch7": 0.16343799233436584,
          "ch8": 0.18668977916240692
        },
        "corr_delta_fro": 0.4588427986366482,
        "mmd_rbf": 0.035248637199401855,
        "n": 420
      },
      "SITTING": {
        "psd_js": {
          "ch0": 0.0970255509018898,
          "ch1": 0.02374088764190674,
          "ch2": 0.014382744207978249,
          "ch3": 0.0569269061088562,
          "ch4": 0.053309231996536255,
          "ch5": 0.05439964681863785,
          "ch6": 0.2683136463165283,
          "ch7": 0.16313676536083221,
          "ch8": 0.12634709477424622
        },
        "acf_delta": {
          "ch0": 0.2692183554172516,
          "ch1": 0.19189713895320892,
          "ch2": 0.20971336960792542,
          "ch3": 0.1399126946926117,
          "ch4": 0.1924559772014618,
          "ch5": 0.1923668086528778,
          "ch6": 0.47091928124427795,
          "ch7": 0.445610374212265,
          "ch8": 0.4089818596839905
        },
        "corr_delta_fro": 2.076071855923396,
        "mmd_rbf": 0.2235180139541626,
        "n": 491
      },
      "STANDING": {
        "psd_js": {
          "ch0": 0.08018308877944946,
          "ch1": 0.013082992285490036,
          "ch2": 0.047600872814655304,
          "ch3": 0.008129633963108063,
          "ch4": 0.02865467593073845,
          "ch5": 0.020159173756837845,
          "ch6": 0.0879320353269577,
          "ch7": 0.1644267737865448,
          "ch8": 0.1534527987241745
        },
        "acf_delta": {
          "ch0": 0.265425443649292,
          "ch1": 0.09005896747112274,
          "ch2": 0.13757042586803436,
          "ch3": 0.1238507479429245,
          "ch4": 0.18325863778591156,
          "ch5": 0.04921615496277809,
          "ch6": 0.20259293913841248,
          "ch7": 0.3329182267189026,
          "ch8": 0.32621920108795166
        },
        "corr_delta_fro": 1.8139267795983318,
        "mmd_rbf": 0.25610876083374023,
        "n": 499
      }
    }
  },
  "figures": [
    "psd_overlay_ch0.png",
    "acf_overlay_ch0.png"
  ]
}